question_id,executions_total,executions_fully_scored,coverage_rate,stability_mean,validity_signal_mean,factual_risk_mean,semantic_variation_rate,flag_rate,error_rate
Question 1,1200,1200,1.0,0.922923,0.9995,0.0005,0.0,0.000833,0.0
Question 2,1200,1179,0.9825,0.92185,0.996014,0.003986,0.0,0.005833,0.015833
Question 3,1200,1198,0.998333,0.921331,0.994324,0.005676,0.0,0.008333,0.000833
Question 4,1200,1196,0.996667,0.90939,0.955518,0.044482,0.082776,0.0525,0.0
