question_id,executions_total,executions_fully_scored,coverage_rate,stability_mean,validity_signal_mean,factual_risk_mean,semantic_variation_rate,flag_rate,error_rate
Question 1,1200,1196,0.996667,0.92282,0.999164,0.000836,0.0,0.000833,0.003333
Question 2,1200,1191,0.9925,0.922767,0.998992,0.001008,0.0,0.0025,0.0075
Question 3,1200,1187,0.989167,0.920977,0.993176,0.006824,0.000842,0.011667,0.010833
Question 4,1200,1184,0.986667,0.915697,0.976014,0.023986,0.099662,0.033333,0.013333
