question_id,executions_total,executions_fully_scored,coverage_rate,stability_mean,validity_signal_mean,factual_risk_mean,semantic_variation_rate,flag_rate,error_rate
Question 1,1200,1196,0.996667,0.851502,0.992224,0.007776,0.0,0.011667,0.0
Question 2,1200,1182,0.985,0.778159,0.992047,0.007953,0.014382,0.005,0.0
Question 3,1200,1186,0.988333,0.828073,0.93516,0.06484,0.006745,0.083333,0.0
Question 4,1200,1190,0.991667,0.782128,0.97521,0.02479,0.102521,0.025,0.0
